phase,fold,epoch,train_loss,val_loss,accuracy,learning_rate
6,5,1,2.8719389178536154,3.2323546409606934,0.7247351378987132,0.0001
6,5,2,5.731438771161166,3.2421622276306152,0.7616425010877819,0.0001
6,5,3,8.580826876380227,3.2260425090789795,0.7543578432499669,0.0001
6,5,4,11.431876932490956,3.2167234420776367,0.7869760048417701,0.0001
6,5,5,14.280562604557383,3.215595006942749,0.810706576208465,0.0001
6,5,6,17.12782951268283,3.209770917892456,0.8309044783211851,0.0001
6,5,7,19.975632186369463,3.2193398475646973,0.8110623415427858,0.0001
6,5,8,22.815082545713945,3.2177109718322754,0.8153014222091395,1e-05
