epoch,loss,accuracy
1,3.9982176780700684,0.5423913258044585
2,3.9948604583740233,0.5242156106041195
3,3.9979293823242186,0.5312102014672393
4,4.015141725540161,0.5203398061127199
5,4.023741340637207,0.5086939455666506
6,4.026984739303589,0.48577828520228983
7,4.035527563095092,0.4955919857136647
8,4.034804725646973,0.5038298265042451
9,4.038396644592285,0.4906013667641575
10,4.038823413848877,0.49319829836965706
