epoch,loss,accuracy
1,4.0296959400177,0.5637594596619676
2,4.0391334056854244,0.6001963251469766
3,4.047481393814087,0.5627676573985299
4,4.0578718185424805,0.5672132773498197
5,4.063213109970093,0.5698071393886632
6,4.072426414489746,0.5650168809564783
7,4.080368089675903,0.564921003679393
8,4.088957977294922,0.5482575885753935
9,4.093421411514282,0.5526046679919013
10,4.0929498195648195,0.5528732567377295
