epoch,loss,accuracy
1,2.2051563262939453,0.9073277768929943
2,2.2681424617767334,0.7901258966476358
3,2.369420051574707,0.6662754851160648
4,2.297502040863037,0.6933654107567151
5,2.228610118230184,0.8970499236483891
6,2.234489838282267,0.9178918836207838
7,2.2335495154062905,0.833370286055708
8,2.2180904547373452,0.8590490363945741
9,2.2119088967641196,0.8394736842105263
10,2.2112561066945395,0.7977552577094911
