epoch,loss,accuracy
1,2.63648788134257,0.8068530765363345
2,2.682572682698568,0.6900439597272177
3,2.668311278025309,0.748667672197084
4,2.6605202356974282,0.748667672197084
5,2.652607043584188,0.748667672197084
6,2.6575806935628257,0.7299299996132576
7,2.6640943686167398,0.7470240167072747
8,2.6595996220906577,0.7166163901458019
9,2.668527444203695,0.7345244080538199
10,2.668579419453939,0.7494816730110849
