epoch,loss,accuracy
1,3.2206316590309143,0.6340379829510264
2,3.238715946674347,0.5974132440535602
3,3.2517507076263428,0.6225477055516581
4,3.2432867884635925,0.6531126561429591
5,3.248403251171112,0.666466963835385
6,3.256000339984894,0.6545141018825229
7,3.256253182888031,0.6867542523044916
8,3.2574743032455444,0.6804529778213989
9,3.259246528148651,0.7074971374436616
10,3.253474533557892,0.7278545578010818
